-- --------------------------------------------------------
-- Host:                         127.0.0.1
-- Server version:               11.6.2-MariaDB - mariadb.org binary distribution
-- Server OS:                    Win64
-- HeidiSQL Version:             12.8.0.6908
-- --------------------------------------------------------

/*!40101 SET @OLD_CHARACTER_SET_CLIENT=@@CHARACTER_SET_CLIENT */;
/*!40101 SET NAMES utf8 */;
/*!50503 SET NAMES utf8mb4 */;
/*!40103 SET @OLD_TIME_ZONE=@@TIME_ZONE */;
/*!40103 SET TIME_ZONE='+00:00' */;
/*!40014 SET @OLD_FOREIGN_KEY_CHECKS=@@FOREIGN_KEY_CHECKS, FOREIGN_KEY_CHECKS=0 */;
/*!40101 SET @OLD_SQL_MODE=@@SQL_MODE, SQL_MODE='NO_AUTO_VALUE_ON_ZERO' */;
/*!40111 SET @OLD_SQL_NOTES=@@SQL_NOTES, SQL_NOTES=0 */;

-- Dumping structure for table project_mars.airport
CREATE TABLE IF NOT EXISTS `airport` (
  `id` int(11) NOT NULL,
  `ident` varchar(40) NOT NULL,
  `type` varchar(40) DEFAULT NULL,
  `name` varchar(50) DEFAULT NULL,
  `latitude_deg` double DEFAULT NULL,
  `longitude_deg` double DEFAULT NULL,
  `elevation_ft` int(11) DEFAULT NULL,
  `continent` varchar(40) DEFAULT NULL,
  `iso_country` varchar(40) DEFAULT NULL,
  `iso_region` varchar(40) DEFAULT NULL,
  `municipality` varchar(40) DEFAULT NULL,
  `scheduled_service` varchar(40) DEFAULT NULL,
  `gps_code` varchar(40) DEFAULT NULL,
  `iata_code` varchar(40) DEFAULT NULL,
  `local_code` varchar(40) DEFAULT NULL,
  `home_link` varchar(40) DEFAULT NULL,
  `wikipedia_link` varchar(40) DEFAULT NULL,
  `keywords` varchar(40) DEFAULT NULL,
  PRIMARY KEY (`ident`),
  KEY `iso_country` (`iso_country`),
  CONSTRAINT `airport_ibfk_1` FOREIGN KEY (`iso_country`) REFERENCES `country` (`iso_country`)
) ENGINE=InnoDB DEFAULT CHARSET=latin1 COLLATE=latin1_swedish_ci;

-- Dumping data for table project_mars.airport: ~48 rows (approximately)
INSERT INTO `airport` (`id`, `ident`, `type`, `name`, `latitude_deg`, `longitude_deg`, `elevation_ft`, `continent`, `iso_country`, `iso_region`, `municipality`, `scheduled_service`, `gps_code`, `iata_code`, `local_code`, `home_link`, `wikipedia_link`, `keywords`) VALUES
	(44267, 'CN-0189', 'medium_airport', 'Dandong Langtou Airport', 40.0247, 124.286003, 30, 'AS', 'CN', 'CN-21', 'Zhenxing, Dandong', 'yes', 'ZYDD', 'DDG', '', 'http://www.ddcei.gov.cn/english/index.ht', 'https://en.wikipedia.org/wiki/Dandong_Ai', ''),
	(2184, 'EDAC', 'medium_airport', 'Altenburg-Nobitz Airport', 50.981945, 12.506389, 640, 'EU', 'DE', 'DE-TH', 'Altenburg', 'no', 'EDAC', 'AOC', '', 'http://www.leipzig-altenburg-airport.de/', 'https://en.wikipedia.org/wiki/Altenburg-', 'Altenburg Nobitz'),
	(28546, 'EDBC', 'medium_airport', 'Magdeburg \'City\' Airport', 51.8563995361, 11.42029953, 594, 'EU', 'DE', 'DE-ST', 'Magdeburg', 'no', 'EDBM', 'CSO', '', '', 'https://en.wikipedia.org/wiki/Magdeburg-', ''),
	(28726, 'EDBP', 'small_airport', 'Pinnow Airport', 53.61527633666992, 11.561111450195312, 144, 'EU', 'DE', 'DE-MV', 'Pinnow', 'no', 'EDBP', '', '', '', '', ''),
	(28712, 'EDCS', 'small_airport', 'Flugplatz Saarmund', 52.308334, 13.100556, 174, 'EU', 'DE', 'DE-BR', 'Saarmund', 'no', 'EDCS', '', '', '', '', ''),
	(2212, 'EDDF', 'large_airport', 'Frankfurt am Main Airport', 50.036249, 8.559294, 364, 'EU', 'DE', 'DE-HE', 'Frankfurt am Main', 'yes', 'EDDF', 'FRA', '', 'http://www.frankfurt-airport.de/', 'https://en.wikipedia.org/wiki/Frankfurt_', 'EDAF, Rhein-Main Air Base'),
	(2563, 'ELLX', 'large_airport', 'Luxembourg Airport', 49.6233333, 6.2044444, 1234, 'EU', 'LU', 'LU-L', 'Luxembourg', 'yes', 'ELLX', 'LUX', '', 'http://www.lux-airport.lu/en/', 'https://en.wikipedia.org/wiki/Luxembourg', ''),
	(30188, 'ELNT', 'small_airport', 'Noertrange Airfield', 49.981098, 5.91778, 1522, 'EU', 'LU', 'LU-D', 'Winseler', 'no', 'ELNT', '', '', 'http://www.geocities.com/CapeCanaveral/L', '', ''),
	(31003, 'ELUS', 'small_airport', 'Useldange Glider Field', 49.7686, 5.96556, 928, 'EU', 'LU', 'LU-D', 'Useldange', 'no', 'ELUS', '', '', 'http://www.clvv.lu/index.php?locale=en&l', '', ''),
	(2564, 'ENAL', 'medium_airport', 'Ålesund Airport, Vigra', 62.5625, 6.1197, 69, 'EU', 'NO', 'NO-15', 'Ålesund', 'yes', 'ENAL', 'AES', '', 'http://www.avinor.no/lufthavn/alesund', 'https://en.wikipedia.org/wiki/%C3%85lesu', 'Vigra'),
	(2571, 'ENBS', 'small_airport', 'Sogndal Airport', 70.60050201416, 29.691400527954, 490, 'EU', 'NO', 'NO-54', 'Båtsfjord', 'yes', 'ENSG', 'BJF', '', 'https://avinor.no/en/airport/batsfjord-a', 'https://en.wikipedia.org/wiki/B%C3%A5tsf', ''),
	(2578, 'ENGM', 'large_airport', 'Oslo Airport, Gardermoen', 60.193901, 11.1004, 681, 'EU', 'NO', 'NO-30', 'Oslo', 'yes', 'ENGM', 'OSL', '', 'https://avinor.no/en/airport/oslo-airpor', 'https://en.wikipedia.org/wiki/Oslo_Airpo', ''),
	(29280, 'ENSD', 'small_airport', 'Sandane Airport, Anda', 61.830002, 6.10583, 196, 'EU', 'NO', 'NO-46', 'Sandane', 'yes', 'ENSD', 'SDN', '', 'https://avinor.no/en/airport/sandane-air', 'https://en.wikipedia.org/wiki/Sandane_Ai', ''),
	(2597, 'ENSS', 'medium_airport', 'Vardø Airport, Svartnes', 70.355400085449, 31.044900894165, 42, 'EU', 'NO', 'NO-54', 'Vardø', 'yes', 'ENSS', 'VAW', '', 'https://avinor.no/en/airport/vardo-airpo', 'https://en.wikipedia.org/wiki/Vard%C3%B8', ''),
	(29702, 'EPBA', 'small_airport', 'Bielsko Biala Airport', 49.80500030517578, 19.00189971923828, 1319, 'EU', 'PL', 'PL-SL', '', 'no', 'EPBA', '', '', '', '', ''),
	(2605, 'EPCE', 'medium_airport', 'Cewice Air Base', 54.416, 17.7633, 495, 'EU', 'PL', 'PL-PM', 'L?bork', 'no', 'EPCE', '', '', '', '', ''),
	(29843, 'EPEL', 'small_airport', 'Elblag Airport', 54.14080047607422, 19.42329978942871, 10, 'EU', 'PL', 'PL-WN', '', 'no', 'EPEL', '', '', '', '', ''),
	(2613, 'EPKT', 'medium_airport', 'Katowice International Airport', 50.4743, 19.08, 995, 'EU', 'PL', 'PL-SL', 'Katowice', 'yes', 'EPKT', 'KTW', '', 'http://katowice.airport.com', 'https://en.wikipedia.org/wiki/Katowice_I', 'Pyrzowice, D?browa Górnicza, Katowice, S'),
	(2637, 'EPWA', 'large_airport', 'Warsaw Chopin Airport', 52.1656990051, 20.967100143399996, 362, 'EU', 'PL', 'PL-MZ', 'Warsaw', 'yes', 'EPWA', 'WAW', '', 'http://www.lotnisko-chopina.pl/?lang=en', 'https://en.wikipedia.org/wiki/Warsaw_Fre', 'Ok?cie'),
	(319715, 'GMQ', 'medium_airport', 'Golog Maqin Airport', 34.418066, 100.301144, 12426, 'AS', 'CN', 'CN-63', 'Golog', 'yes', 'ZLGL', 'GMQ', '', '', 'https://en.wikipedia.org/wiki/Golog_Maqi', ''),
	(19357, 'KBCE', 'medium_airport', 'Bryce Canyon Airport', 37.706401825, -112.144996643, 7590, 'NA', 'US', 'US-UT', 'Bryce Canyon', 'no', 'KBCE', 'BCE', 'BCE', 'http://www.brycecanyonairport.com/', 'https://en.wikipedia.org/wiki/Bryce_Cany', ''),
	(3505, 'KEGE', 'medium_airport', 'Eagle County Regional Airport', 39.64260101, -106.9179993, 6548, 'NA', 'US', 'US-CO', 'Eagle', 'yes', 'KEGE', 'EGE', 'EGE', 'http://www.eaglecounty.us/airport/', 'https://en.wikipedia.org/wiki/Eagle_Coun', ''),
	(3622, 'KJFK', 'large_airport', 'John F Kennedy International Airport', 40.639801, -73.7789, 13, 'NA', 'US', 'US-NY', 'New York', 'yes', 'KJFK', 'JFK', 'JFK', 'https://www.jfkairport.com/', 'https://en.wikipedia.org/wiki/John_F._Ke', 'Manhattan, New York City, NYC, Idlewild,'),
	(16092, 'PADK', 'small_airport', 'Willow Airport', 51.883564, -176.642783, 18, 'NA', 'US', 'US-AK', 'Adak', 'yes', 'PAUO', 'ADK', 'ADK', '', 'https://en.wikipedia.org/wiki/Adak_Airpo', ''),
	(9282, 'PALB', 'small_airport', 'Larsen Bay Airport', 57.535099, -153.977993, 87, 'NA', 'US', 'US-AK', 'Larsen Bay', 'no', 'PALB', 'KLN', '2A3', '', 'https://en.wikipedia.org/wiki/Larsen_Bay', '09AK'),
	(5638, 'RKNY', 'medium_airport', 'Yangyang International Airport', 38.061298, 128.669006, 241, 'AS', 'KR', 'KR-42', 'Gonghang-ro', 'yes', 'RKNY', 'YNY', '', '', 'https://en.wikipedia.org/wiki/Yangyang_I', 'RKNY, YNY, Yangyang, Gonghang'),
	(5653, 'RKSI', 'large_airport', 'Incheon International Airport', 37.46910095214844, 126.45099639892578, 23, 'AS', 'KR', 'KR-28', 'Seoul', 'yes', 'RKSI', 'ICN', '', '', 'https://en.wikipedia.org/wiki/Incheon_In', ''),
	(323266, 'RKTA', 'small_airport', 'Taean Airport', 36.593781, 126.29662, 16, 'AS', 'KR', 'KR-44', 'Taean', 'no', 'RKTA', 'QDY', '', '', 'https://en.wikipedia.org/wiki/List_of_ai', ''),
	(5663, 'RKTU', 'medium_airport', 'Cheongju International Airport/Cheongju ', 36.717008, 127.498741, 191, 'AS', 'KR', 'KR-43', 'Cheongju', 'yes', 'RKTU', 'CJJ', '', 'http://cheongju.airport.co.kr/doc/cheong', 'https://en.wikipedia.org/wiki/Cheongju_A', ''),
	(5764, 'SAAC', 'medium_airport', 'Comodoro Pierrestegui Airport', -31.2969, -57.9966, 112, 'SA', 'AR', 'AR-E', 'Concordia', 'no', 'SAAC', 'COC', 'DIA', '', 'https://en.wikipedia.org/wiki/Comodoro_P', ''),
	(5768, 'SAAP', 'medium_airport', 'General Urquiza Airport', -31.7948, -60.4804, 242, 'SA', 'AR', 'AR-E', 'Parana', 'yes', 'SAAP', 'PRA', 'PAR', '', 'https://en.wikipedia.org/wiki/General_Ur', ''),
	(30055, 'SACC', 'small_airport', 'La Cumbre Airport', -31.005800247199996, -64.5318984985, 3733, 'SA', 'AR', 'AR-X', 'La Cumbre', 'no', 'SACC', 'LCM', 'CUM', '', '', ''),
	(39063, 'SACV', 'small_airport', 'Presidente Néstor Kirchner Regional Airport', -32.389400482199996, -63.2585983276, 672, 'SA', 'AR', 'AR-X', 'Villa Maria del Rio Seco', 'no', 'SAOI', '', 'MRA', '', '', ''),
	(5781, 'SAEZ', 'large_airport', 'Ministro Pistarini International Airport', -34.8222, -58.5358, 67, 'SA', 'AR', 'AR-B', 'Buenos Aires (Ezeiza)', 'yes', 'SAEZ', 'EZE', 'EZE', 'http://www.aa2000.com.ar/index.php', 'https://en.wikipedia.org/wiki/Ministro_P', 'BUE, Ezeiza'),
	(300606, 'UJN', 'small_airport', 'Uljin Airport', 36.777049, 129.461861, 191, 'AS', 'KR', 'KR-47', 'Bongsan-ri, Uljin', 'no', 'RKTL', 'UJN', '', '', 'https://en.wikipedia.org/wiki/Uljin_Airp', ''),
	(26910, 'YBIE', 'medium_airport', 'Bedourie Airport', -24.346099853515625, 139.4600067138672, 300, 'OC', 'AU', 'AU-QLD', '', 'yes', 'YBIE', 'BEU', '', '', 'https://en.wikipedia.org/wiki/Bedourie_A', ''),
	(26914, 'YBLA', 'medium_airport', 'Benalla Airport', -36.551899, 146.007004, 569, 'OC', 'AU', 'AU-VIC', '', 'no', 'YBLA', 'BLN', '', '', 'https://en.wikipedia.org/wiki/Benalla_Ai', ''),
	(27400, 'YBOA', 'small_airport', 'Boonah Airport', -28.017458, 152.676459, 318, 'OC', 'AU', 'AU-QLD', '', 'no', 'YBOA', '', '', '', '', ''),
	(27426, 'YBWN', 'small_airport', 'Bowen Airport', -20.017999, 148.215245, 8, 'OC', 'AU', 'AU-QLD', 'Bowen', 'no', 'YBWN', 'ZBO', '', '', '', ''),
	(27145, 'YSSY', 'large_airport', 'Sydney Airport', -33.94609832763672, 151.177001953125, 21, 'OC', 'AU', 'AU-NSW', 'Sydney', 'yes', 'YSSY', 'SYD', '', 'http://www.sydneyairport.com.au/', 'https://en.wikipedia.org/wiki/Kingsford_', 'RAAF Station Mascot'),
	(330820, 'ZBAD', 'large_airport', 'Beijing Daxing International Airport', 39.509945, 116.41092, 98, 'AS', 'CN', 'CN-11', 'Beijing', 'yes', 'ZBAD', 'PKX', '', '', 'https://en.wikipedia.org/wiki/Beijing_Da', ''),
	(30830, 'ZBCZ', 'small_airport', 'Changzhi Airport', 36.247501, 113.125999, 0, 'AS', 'CN', 'CN-14', 'Changzhi', 'yes', 'ZBCZ', 'CIH', '', '', 'https://en.wikipedia.org/wiki/Changzhi_W', ''),
	(308237, 'ZGLD', 'small_airport', 'Luoding Sulong Airport', 22.711169, 111.60134, 190, 'AS', 'CN', 'CN-44', 'Yunfu (Luoding)', 'no', 'ZGLD', '', '', '', 'http://www.wiki86.com/view/4147987.htm', ''),
	(335326, 'ZMCK', 'large_airport', 'Ulaanbaatar Chinggis Khaan International', 47.646916, 106.819833, 4482, 'AS', 'MN', 'MN-047', 'Ulaanbaatar (Sergelen)', 'yes', 'ZMCK', 'UBN', '', '', 'https://en.wikipedia.org/wiki/New_Ulaanb', 'Khöshig Valley'),
	(27211, 'ZMMN', 'medium_airport', 'Mörön Airport', 49.663299560546875, 100.0989990234375, 4272, 'AS', 'MN', 'MN-041', 'Mörön', 'yes', 'ZMMN', 'MXV', '', '', 'https://en.wikipedia.org/wiki/M%C3%B6r%C', 'Muren'),
	(308764, 'ZMTG', 'small_airport', 'Tsetserleg Airport', 47.461476, 101.483804, 5530, 'AS', 'MN', 'MN-073', 'Tsetserleg', 'no', 'ZMTG', 'TSZ', '', '', '', ''),
	(27212, 'ZMUB', 'medium_airport', 'Buyant-Ukhaa International Airport', 47.843102, 106.766998, 4364, 'AS', 'MN', 'MN-1', 'Ulaanbaatar', 'no', 'ZMUB', 'ULN', '', '', 'https://en.wikipedia.org/wiki/Buyant-Ukh', 'Chinggis Khaan International'),
	(302316, 'ZMUG', 'small_airport', 'Ulaangom Airport', 50.066588, 91.938273, 0, 'AS', 'MN', 'MN-046', 'Ulaangom', 'yes', 'ZMUG', 'ULO', '', '', 'https://en.wikipedia.org/wiki/Ulaangom_A', '');

-- Dumping structure for table project_mars.country
CREATE TABLE IF NOT EXISTS `country` (
  `iso_country` varchar(40) NOT NULL,
  `name` varchar(40) DEFAULT NULL,
  `continent` varchar(40) DEFAULT NULL,
  `wikipedia_link` varchar(40) DEFAULT NULL,
  `keywords` varchar(40) DEFAULT NULL,
  PRIMARY KEY (`iso_country`)
) ENGINE=InnoDB DEFAULT CHARSET=latin1 COLLATE=latin1_swedish_ci;

-- Dumping data for table project_mars.country: ~248 rows (approximately)
INSERT INTO `country` (`iso_country`, `name`, `continent`, `wikipedia_link`, `keywords`) VALUES
	('AD', 'Andorra', 'EU', 'https://en.wikipedia.org/wiki/Andorra', '\r'),
	('AE', 'United Arab Emirates', 'AS', 'https://en.wikipedia.org/wiki/United_Ara', 'UAE'),
	('AF', 'Afghanistan', 'AS', 'https://en.wikipedia.org/wiki/Afghanista', '\r'),
	('AG', 'Antigua and Barbuda', 'NA', 'https://en.wikipedia.org/wiki/Antigua_an', '\r'),
	('AI', 'Anguilla', 'NA', 'https://en.wikipedia.org/wiki/Anguilla', '\r'),
	('AL', 'Albania', 'EU', 'https://en.wikipedia.org/wiki/Albania', '\r'),
	('AM', 'Armenia', 'AS', 'https://en.wikipedia.org/wiki/Armenia', '\r'),
	('AO', 'Angola', 'AF', 'https://en.wikipedia.org/wiki/Angola', '\r'),
	('AQ', 'Antarctica', 'AN', 'https://en.wikipedia.org/wiki/Antarctica', '\r'),
	('AR', 'Argentina', 'SA', 'https://en.wikipedia.org/wiki/Argentina', 'Aeropuertos de Argentina\r'),
	('AS', 'American Samoa', 'OC', 'https://en.wikipedia.org/wiki/American_S', '\r'),
	('AT', 'Austria', 'EU', 'https://en.wikipedia.org/wiki/Austria', 'Flughäfen in Österreich\r'),
	('AU', 'Australia', 'OC', 'https://en.wikipedia.org/wiki/Australia', '\r'),
	('AW', 'Aruba', 'NA', 'https://en.wikipedia.org/wiki/Aruba', '\r'),
	('AZ', 'Azerbaijan', 'AS', 'https://en.wikipedia.org/wiki/Azerbaijan', '\r'),
	('BA', 'Bosnia and Herzegovina', 'EU', 'https://en.wikipedia.org/wiki/Bosnia_and', '\r'),
	('BB', 'Barbados', 'NA', 'https://en.wikipedia.org/wiki/Barbados', '\r'),
	('BD', 'Bangladesh', 'AS', 'https://en.wikipedia.org/wiki/Bangladesh', '\r'),
	('BE', 'Belgium', 'EU', 'https://en.wikipedia.org/wiki/Belgium', 'Aéroports de Belgique'),
	('BF', 'Burkina Faso', 'AF', 'https://en.wikipedia.org/wiki/Burkina_Fa', '\r'),
	('BG', 'Bulgaria', 'EU', 'https://en.wikipedia.org/wiki/Bulgaria', '\r'),
	('BH', 'Bahrain', 'AS', 'https://en.wikipedia.org/wiki/Bahrain', '?????? ???????\r'),
	('BI', 'Burundi', 'AF', 'https://en.wikipedia.org/wiki/Burundi', '\r'),
	('BJ', 'Benin', 'AF', 'https://en.wikipedia.org/wiki/Benin', '\r'),
	('BL', 'Saint Barthélemy', 'NA', 'https://en.wikipedia.org/wiki/Saint_Bart', '\r'),
	('BM', 'Bermuda', 'NA', 'https://en.wikipedia.org/wiki/Bermuda', '\r'),
	('BN', 'Brunei', 'AS', 'https://en.wikipedia.org/wiki/Brunei', '\r'),
	('BO', 'Bolivia', 'SA', 'https://en.wikipedia.org/wiki/Bolivia', 'Aeropuertos de Bolivia\r'),
	('BQ', 'Caribbean Netherlands', 'NA', 'https://en.wikipedia.org/wiki/Caribbean_', '\r'),
	('BR', 'Brazil', 'SA', 'https://en.wikipedia.org/wiki/Brazil', 'Brasil'),
	('BS', 'Bahamas', 'NA', 'https://en.wikipedia.org/wiki/Bahamas', '\r'),
	('BT', 'Bhutan', 'AS', 'https://en.wikipedia.org/wiki/Bhutan', '\r'),
	('BW', 'Botswana', 'AF', 'https://en.wikipedia.org/wiki/Botswana', '\r'),
	('BY', 'Belarus', 'EU', 'https://en.wikipedia.org/wiki/Belarus', 'Belarussian'),
	('BZ', 'Belize', 'NA', 'https://en.wikipedia.org/wiki/Belize', '\r'),
	('CA', 'Canada', 'NA', 'https://en.wikipedia.org/wiki/Canada', '\r'),
	('CC', 'Cocos (Keeling) Islands', 'AS', 'https://en.wikipedia.org/wiki/Cocos_(Kee', '\r'),
	('CD', 'Congo (Kinshasa)', 'AF', 'https://en.wikipedia.org/wiki/Congo_(Kin', '\r'),
	('CF', 'Central African Republic', 'AF', 'https://en.wikipedia.org/wiki/Central_Af', '\r'),
	('CG', 'Congo (Brazzaville)', 'AF', 'https://en.wikipedia.org/wiki/Congo_(Bra', '\r'),
	('CH', 'Switzerland', 'EU', 'https://en.wikipedia.org/wiki/Switzerlan', 'Aéroports de la Suisse'),
	('CI', 'Côte d\'Ivoire', 'AF', 'https://en.wikipedia.org/wiki/Côte_d\'Ivo', 'Ivory Coast\r'),
	('CK', 'Cook Islands', 'OC', 'https://en.wikipedia.org/wiki/Cook_Islan', '\r'),
	('CL', 'Chile', 'SA', 'https://en.wikipedia.org/wiki/Chile', 'Aeropuertos de Chile\r'),
	('CM', 'Cameroon', 'AF', 'https://en.wikipedia.org/wiki/Cameroon', '\r'),
	('CN', 'China', 'AS', 'https://en.wikipedia.org/wiki/China', '?????\r'),
	('CO', 'Colombia', 'SA', 'https://en.wikipedia.org/wiki/Colombia', 'Aeropuertos de Colombia\r'),
	('CR', 'Costa Rica', 'NA', 'https://en.wikipedia.org/wiki/Costa_Rica', 'Aeropuertos de Costa Rica\r'),
	('CU', 'Cuba', 'NA', 'https://en.wikipedia.org/wiki/Cuba', 'Aeropuertos de Cuba\r'),
	('CV', 'Cape Verde', 'AF', 'https://en.wikipedia.org/wiki/Cape_Verde', '\r'),
	('CW', 'Curaçao', 'NA', 'https://en.wikipedia.org/wiki/Cura%C3%A7', '\r'),
	('CX', 'Christmas Island', 'AS', 'https://en.wikipedia.org/wiki/Christmas_', '\r'),
	('CY', 'Cyprus', 'AS', 'https://en.wikipedia.org/wiki/Cyprus', '\r'),
	('CZ', 'Czech Republic', 'EU', 'https://en.wikipedia.org/wiki/Czech_Repu', 'Letišt? ?eské republiky'),
	('DE', 'Germany', 'EU', 'https://en.wikipedia.org/wiki/Germany', 'Flughäfen in Deutschland\r'),
	('DJ', 'Djibouti', 'AF', 'https://en.wikipedia.org/wiki/Djibouti', '\r'),
	('DK', 'Denmark', 'EU', 'https://en.wikipedia.org/wiki/Denmark', 'Lufthavnene i Danmark\r'),
	('DM', 'Dominica', 'NA', 'https://en.wikipedia.org/wiki/Dominica', '\r'),
	('DO', 'Dominican Republic', 'NA', 'https://en.wikipedia.org/wiki/Dominican_', '\r'),
	('DZ', 'Algeria', 'AF', 'https://en.wikipedia.org/wiki/Algeria', '?????? ???????\r'),
	('EC', 'Ecuador', 'SA', 'https://en.wikipedia.org/wiki/Ecuador', 'Aeropuertos de Ecuador\r'),
	('EE', 'Estonia', 'EU', 'https://en.wikipedia.org/wiki/Estonia', '\r'),
	('EG', 'Egypt', 'AF', 'https://en.wikipedia.org/wiki/Egypt', '?????? ???\r'),
	('EH', 'Western Sahara', 'AF', 'https://en.wikipedia.org/wiki/Western_Sa', 'Sahrawian'),
	('ER', 'Eritrea', 'AF', 'https://en.wikipedia.org/wiki/Eritrea', '\r'),
	('ES', 'Spain', 'EU', 'https://en.wikipedia.org/wiki/Spain', 'Aeropuertos de España\r'),
	('ET', 'Ethiopia', 'AF', 'https://en.wikipedia.org/wiki/Ethiopia', '\r'),
	('FI', 'Finland', 'EU', 'https://en.wikipedia.org/wiki/Finland', 'Lentokentät'),
	('FJ', 'Fiji', 'OC', 'https://en.wikipedia.org/wiki/Fiji', '\r'),
	('FK', 'Falkland Islands', 'SA', 'https://en.wikipedia.org/wiki/Falkland_I', '\r'),
	('FM', 'Micronesia', 'OC', 'https://en.wikipedia.org/wiki/Federated_', '\r'),
	('FO', 'Faroe Islands', 'EU', 'https://en.wikipedia.org/wiki/Faroe_Isla', '\r'),
	('FR', 'France', 'EU', 'https://en.wikipedia.org/wiki/France', 'Aéroports de France\r'),
	('GA', 'Gabon', 'AF', 'https://en.wikipedia.org/wiki/Gabon', '\r'),
	('GB', 'United Kingdom', 'EU', 'https://en.wikipedia.org/wiki/United_Kin', 'Great Britain\r'),
	('GD', 'Grenada', 'NA', 'https://en.wikipedia.org/wiki/Grenada', '\r'),
	('GE', 'Georgia', 'AS', 'https://en.wikipedia.org/wiki/Georgia_(c', '\r'),
	('GF', 'French Guiana', 'SA', 'https://en.wikipedia.org/wiki/French_Gui', 'French Guyana\r'),
	('GG', 'Guernsey', 'EU', 'https://en.wikipedia.org/wiki/Guernsey', '\r'),
	('GH', 'Ghana', 'AF', 'https://en.wikipedia.org/wiki/Ghana', '\r'),
	('GI', 'Gibraltar', 'EU', 'https://en.wikipedia.org/wiki/Gibraltar', '\r'),
	('GL', 'Greenland', 'NA', 'https://en.wikipedia.org/wiki/Greenland', '\r'),
	('GM', 'Gambia', 'AF', 'https://en.wikipedia.org/wiki/Gambia', '\r'),
	('GN', 'Guinea', 'AF', 'https://en.wikipedia.org/wiki/Guinea', 'Aéroports de la Guinée\r'),
	('GP', 'Guadeloupe', 'NA', 'https://en.wikipedia.org/wiki/Guadeloupe', '\r'),
	('GQ', 'Equatorial Guinea', 'AF', 'https://en.wikipedia.org/wiki/Equatorial', '\r'),
	('GR', 'Greece', 'EU', 'https://en.wikipedia.org/wiki/Greece', '?????????? ???? ??????\r'),
	('GS', 'South Georgia and the South Sandwich Isl', 'AN', 'https://en.wikipedia.org/wiki/South_Geor', '\r'),
	('GT', 'Guatemala', 'NA', 'https://en.wikipedia.org/wiki/Guatemala', 'Aeropuertos de Guatemala\r'),
	('GU', 'Guam', 'OC', 'https://en.wikipedia.org/wiki/Guam', '\r'),
	('GW', 'Guinea-Bissau', 'AF', 'https://en.wikipedia.org/wiki/Guinea-Bis', '\r'),
	('GY', 'Guyana', 'SA', 'https://en.wikipedia.org/wiki/Guyana', '\r'),
	('HK', 'Hong Kong', 'AS', 'https://en.wikipedia.org/wiki/Hong_Kong', '\r'),
	('HM', 'Heard and McDonald Islands', 'OC', 'https://en.wikipedia.org/wiki/Heard_Isla', '\r'),
	('HN', 'Honduras', 'NA', 'https://en.wikipedia.org/wiki/Honduras', 'Aeropuertos de Honduras\r'),
	('HR', 'Croatia', 'EU', 'https://en.wikipedia.org/wiki/Croatia', '\r'),
	('HT', 'Haiti', 'NA', 'https://en.wikipedia.org/wiki/Haiti', 'Aéroports de Haïti\r'),
	('HU', 'Hungary', 'EU', 'https://en.wikipedia.org/wiki/Hungary', 'Repül?terek Magyarország\r'),
	('ID', 'Indonesia', 'AS', 'https://en.wikipedia.org/wiki/Indonesia', 'Bandara di Indonesia\r'),
	('IE', 'Ireland', 'EU', 'https://en.wikipedia.org/wiki/Ireland', 'Eire\r'),
	('IL', 'Israel', 'AS', 'https://en.wikipedia.org/wiki/Israel', '???? ?????? ?? ?????\r'),
	('IM', 'Isle of Man', 'EU', 'https://en.wikipedia.org/wiki/Isle_of_Ma', '\r'),
	('IN', 'India', 'AS', 'https://en.wikipedia.org/wiki/India', '\r'),
	('IO', 'British Indian Ocean Territory', 'AS', 'https://en.wikipedia.org/wiki/British_In', '\r'),
	('IQ', 'Iraq', 'AS', 'https://en.wikipedia.org/wiki/Iraq', '?????? ??????\r'),
	('IR', 'Iran', 'AS', 'https://en.wikipedia.org/wiki/Iran', '??????? ??? ?????\r'),
	('IS', 'Iceland', 'EU', 'https://en.wikipedia.org/wiki/Iceland', '\r'),
	('IT', 'Italy', 'EU', 'https://en.wikipedia.org/wiki/Italy', 'Aeroporti d\'Italia\r'),
	('JE', 'Jersey', 'EU', 'https://en.wikipedia.org/wiki/Jersey', '\r'),
	('JM', 'Jamaica', 'NA', 'https://en.wikipedia.org/wiki/Jamaica', '\r'),
	('JO', 'Jordan', 'AS', 'https://en.wikipedia.org/wiki/Jordan', '?????? ?? ??????\r'),
	('JP', 'Japan', 'AS', 'https://en.wikipedia.org/wiki/Japan', 'Nippon'),
	('KE', 'Kenya', 'AF', 'https://en.wikipedia.org/wiki/Kenya', '\r'),
	('KG', 'Kyrgyzstan', 'AS', 'https://en.wikipedia.org/wiki/Kyrgyzstan', '\r'),
	('KH', 'Cambodia', 'AS', 'https://en.wikipedia.org/wiki/Cambodia', '\r'),
	('KI', 'Kiribati', 'OC', 'https://en.wikipedia.org/wiki/Kiribati', '\r'),
	('KM', 'Comoros', 'AF', 'https://en.wikipedia.org/wiki/Comoros', '??? ?????\r'),
	('KN', 'Saint Kitts and Nevis', 'NA', 'https://en.wikipedia.org/wiki/Saint_Kitt', '\r'),
	('KP', 'North Korea', 'AS', 'https://en.wikipedia.org/wiki/North_Kore', '\r'),
	('KR', 'South Korea', 'AS', 'https://en.wikipedia.org/wiki/South_Kore', '??? ??\r'),
	('KW', 'Kuwait', 'AS', 'https://en.wikipedia.org/wiki/Kuwait', '\r'),
	('KY', 'Cayman Islands', 'NA', 'https://en.wikipedia.org/wiki/Cayman_Isl', '\r'),
	('KZ', 'Kazakhstan', 'AS', 'https://en.wikipedia.org/wiki/Kazakhstan', 'Kazakh\r'),
	('LA', 'Laos', 'AS', 'https://en.wikipedia.org/wiki/Laos', '\r'),
	('LB', 'Lebanon', 'AS', 'https://en.wikipedia.org/wiki/Lebanon', '???????? ?? ?????\r'),
	('LC', 'Saint Lucia', 'NA', 'https://en.wikipedia.org/wiki/Saint_Luci', '\r'),
	('LI', 'Liechtenstein', 'EU', 'https://en.wikipedia.org/wiki/Liechtenst', '\r'),
	('LK', 'Sri Lanka', 'AS', 'https://en.wikipedia.org/wiki/Sri_Lanka', '\r'),
	('LR', 'Liberia', 'AF', 'https://en.wikipedia.org/wiki/Liberia', '\r'),
	('LS', 'Lesotho', 'AF', 'https://en.wikipedia.org/wiki/Lesotho', '\r'),
	('LT', 'Lithuania', 'EU', 'https://en.wikipedia.org/wiki/Lithuania', '\r'),
	('LU', 'Luxembourg', 'EU', 'https://en.wikipedia.org/wiki/Luxembourg', '\r'),
	('LV', 'Latvia', 'EU', 'https://en.wikipedia.org/wiki/Latvia', '\r'),
	('LY', 'Libya', 'AF', 'https://en.wikipedia.org/wiki/Libya', '?????? ?? ?????\r'),
	('MA', 'Morocco', 'AF', 'https://en.wikipedia.org/wiki/Morocco', '?????? ??????\r'),
	('MC', 'Monaco', 'EU', 'https://en.wikipedia.org/wiki/Monaco', '\r'),
	('MD', 'Moldova', 'EU', 'https://en.wikipedia.org/wiki/Moldova', '\r'),
	('ME', 'Montenegro', 'EU', 'https://en.wikipedia.org/wiki/Montenegro', '\r'),
	('MF', 'Saint Martin', 'NA', 'https://en.wikipedia.org/wiki/Saint_Mart', '\r'),
	('MG', 'Madagascar', 'AF', 'https://en.wikipedia.org/wiki/Madagascar', '\r'),
	('MH', 'Marshall Islands', 'OC', 'https://en.wikipedia.org/wiki/Marshall_I', '\r'),
	('MK', 'North Macedonia', 'EU', 'https://en.wikipedia.org/wiki/Macedonia', '\r'),
	('ML', 'Mali', 'AF', 'https://en.wikipedia.org/wiki/Mali', 'Aéroports du Mali\r'),
	('MM', 'Burma', 'AS', 'https://en.wikipedia.org/wiki/Burma', 'Myanmar\r'),
	('MN', 'Mongolia', 'AS', 'https://en.wikipedia.org/wiki/Mongolia', '\r'),
	('MO', 'Macau', 'AS', 'https://en.wikipedia.org/wiki/Macau', 'Macao\r'),
	('MP', 'Northern Mariana Islands', 'OC', 'https://en.wikipedia.org/wiki/Northern_M', '\r'),
	('MQ', 'Martinique', 'NA', 'https://en.wikipedia.org/wiki/Martinique', '\r'),
	('MR', 'Mauritania', 'AF', 'https://en.wikipedia.org/wiki/Mauritania', '?????? ?????????\r'),
	('MS', 'Montserrat', 'NA', 'https://en.wikipedia.org/wiki/Montserrat', '\r'),
	('MT', 'Malta', 'EU', 'https://en.wikipedia.org/wiki/Malta', '\r'),
	('MU', 'Mauritius', 'AF', 'https://en.wikipedia.org/wiki/Mauritius', '\r'),
	('MV', 'Maldives', 'AS', 'https://en.wikipedia.org/wiki/Maldives', '\r'),
	('MW', 'Malawi', 'AF', 'https://en.wikipedia.org/wiki/Malawi', '\r'),
	('MX', 'Mexico', 'NA', 'https://en.wikipedia.org/wiki/Mexico', 'Aeropuertos de México\r'),
	('MY', 'Malaysia', 'AS', 'https://en.wikipedia.org/wiki/Malaysia', 'Lapangan Terbang Malaysia\r'),
	('MZ', 'Mozambique', 'AF', 'https://en.wikipedia.org/wiki/Mozambique', '\r'),
	('NA', 'Namibia', 'AF', 'https://en.wikipedia.org/wiki/Namibia', '\r'),
	('NC', 'New Caledonia', 'OC', 'https://en.wikipedia.org/wiki/New_Caledo', '\r'),
	('NE', 'Niger', 'AF', 'https://en.wikipedia.org/wiki/Niger', '\r'),
	('NF', 'Norfolk Island', 'OC', 'https://en.wikipedia.org/wiki/Norfolk_Is', '\r'),
	('NG', 'Nigeria', 'AF', 'https://en.wikipedia.org/wiki/Nigeria', '\r'),
	('NI', 'Nicaragua', 'NA', 'https://en.wikipedia.org/wiki/Nicaragua', 'Aeropuertos de Nicaragua\r'),
	('NL', 'Netherlands', 'EU', 'https://en.wikipedia.org/wiki/Netherland', 'Holland'),
	('NO', 'Norway', 'EU', 'https://en.wikipedia.org/wiki/Norway', 'Flyplasser i Norge\r'),
	('NP', 'Nepal', 'AS', 'https://en.wikipedia.org/wiki/Nepal', '????? ???????????\r'),
	('NR', 'Nauru', 'OC', 'https://en.wikipedia.org/wiki/Nauru', '\r'),
	('NU', 'Niue', 'OC', 'https://en.wikipedia.org/wiki/Niue', '\r'),
	('NZ', 'New Zealand', 'OC', 'https://en.wikipedia.org/wiki/New_Zealan', '\r'),
	('OM', 'Oman', 'AS', 'https://en.wikipedia.org/wiki/Oman', '?????? ????\r'),
	('PA', 'Panama', 'NA', 'https://en.wikipedia.org/wiki/Panama', 'Aeropuertos de Panamá\r'),
	('PE', 'Perú', 'SA', 'https://en.wikipedia.org/wiki/Perú', 'Aeropuertos de Perú\r'),
	('PF', 'French Polynesia', 'OC', 'https://en.wikipedia.org/wiki/French_Pol', '\r'),
	('PG', 'Papua New Guinea', 'OC', 'https://en.wikipedia.org/wiki/Papua_New_', '\r'),
	('PH', 'Philippines', 'AS', 'https://en.wikipedia.org/wiki/Philippine', 'Mga alternatibong byahe mula sa Pilipina'),
	('PK', 'Pakistan', 'AS', 'https://en.wikipedia.org/wiki/Pakistan', '??????? ?? ????? ????\r'),
	('PL', 'Poland', 'EU', 'https://en.wikipedia.org/wiki/Poland', 'Lotniska Polski\r'),
	('PM', 'Saint Pierre and Miquelon', 'NA', 'https://en.wikipedia.org/wiki/Saint_Pier', '\r'),
	('PN', 'Pitcairn', 'OC', 'https://en.wikipedia.org/wiki/Pitcairn', '\r'),
	('PR', 'Puerto Rico', 'NA', 'https://en.wikipedia.org/wiki/Puerto_Ric', '\r'),
	('PS', 'Palestinian Territory', 'AS', 'https://en.wikipedia.org/wiki/Palestinia', '\r'),
	('PT', 'Portugal', 'EU', 'https://en.wikipedia.org/wiki/Portugal', 'Aeroportos do Brasil\r'),
	('PW', 'Palau', 'OC', 'https://en.wikipedia.org/wiki/Palau', '\r'),
	('PY', 'Paraguay', 'SA', 'https://en.wikipedia.org/wiki/Paraguay', 'Aeropuertos de Paraguay\r'),
	('QA', 'Qatar', 'AS', 'https://en.wikipedia.org/wiki/Qatar', '?????? ???\r'),
	('RE', 'Réunion', 'AF', 'https://en.wikipedia.org/wiki/Réunion', 'Île Bourbon'),
	('RO', 'Romania', 'EU', 'https://en.wikipedia.org/wiki/Romania', 'Aeroporturi din România\r'),
	('RS', 'Serbia', 'EU', 'https://en.wikipedia.org/wiki/Serbia', 'Serb\r'),
	('RU', 'Russia', 'EU', 'https://en.wikipedia.org/wiki/Russia', 'Soviet'),
	('RW', 'Rwanda', 'AF', 'https://en.wikipedia.org/wiki/Rwanda', '\r'),
	('SA', 'Saudi Arabia', 'AS', 'https://en.wikipedia.org/wiki/Saudi_Arab', '?????? ??????? ??????? ????????'),
	('SB', 'Solomon Islands', 'OC', 'https://en.wikipedia.org/wiki/Solomon_Is', '\r'),
	('SC', 'Seychelles', 'AF', 'https://en.wikipedia.org/wiki/Seychelles', '\r'),
	('SD', 'Sudan', 'AF', 'https://en.wikipedia.org/wiki/Sudan', '?????? ???????\r'),
	('SE', 'Sweden', 'EU', 'https://en.wikipedia.org/wiki/Sweden', 'Flygplatserna'),
	('SG', 'Singapore', 'AS', 'https://en.wikipedia.org/wiki/Singapore', '\r'),
	('SH', 'Saint Helena', 'AF', 'https://en.wikipedia.org/wiki/Saint_Hele', '\r'),
	('SI', 'Slovenia', 'EU', 'https://en.wikipedia.org/wiki/Slovenia', '\r'),
	('SK', 'Slovakia', 'EU', 'https://en.wikipedia.org/wiki/Slovakia', 'letisko Slovenska\r'),
	('SL', 'Sierra Leone', 'AF', 'https://en.wikipedia.org/wiki/Sierra_Leo', '\r'),
	('SM', 'San Marino', 'EU', 'https://en.wikipedia.org/wiki/San_Marino', '\r'),
	('SN', 'Senegal', 'AF', 'https://en.wikipedia.org/wiki/Senegal', 'Aéroports du Sénégal\r'),
	('SO', 'Somalia', 'AF', 'https://en.wikipedia.org/wiki/Somalia', '\r'),
	('SR', 'Suriname', 'SA', 'https://en.wikipedia.org/wiki/Suriname', '\r'),
	('SS', 'South Sudan', 'AF', 'https://en.wikipedia.org/wiki/South_Suda', '\r'),
	('ST', 'São Tomé and Principe', 'AF', 'https://en.wikipedia.org/wiki/São_Tomé_a', '\r'),
	('SV', 'El Salvador', 'NA', 'https://en.wikipedia.org/wiki/El_Salvado', 'Salvadorian'),
	('SX', 'Sint Maarten', 'NA', 'https://en.wikipedia.org/wiki/Sint_Maart', '\r'),
	('SY', 'Syria', 'AS', 'https://en.wikipedia.org/wiki/Syria', '?????? ?????\r'),
	('SZ', 'Eswatini', 'AF', 'https://en.wikipedia.org/wiki/Eswatini', 'Swaziland\r'),
	('TC', 'Turks and Caicos Islands', 'NA', 'https://en.wikipedia.org/wiki/Turks_and_', '\r'),
	('TD', 'Chad', 'AF', 'https://en.wikipedia.org/wiki/Chad', '\r'),
	('TF', 'French Southern Territories', 'AN', 'https://en.wikipedia.org/wiki/French_Sou', '\r'),
	('TG', 'Togo', 'AF', 'https://en.wikipedia.org/wiki/Togo', '\r'),
	('TH', 'Thailand', 'AS', 'https://en.wikipedia.org/wiki/Thailand', 'Siam'),
	('TJ', 'Tajikistan', 'AS', 'https://en.wikipedia.org/wiki/Tajikistan', 'Tajik\r'),
	('TK', 'Tokelau', 'OC', 'https://en.wikipedia.org/wiki/Tokelau', '\r'),
	('TL', 'Timor-Leste', 'AS', 'https://en.wikipedia.org/wiki/Timor-Lest', 'East Timor\r'),
	('TM', 'Turkmenistan', 'AS', 'https://en.wikipedia.org/wiki/Turkmenist', '\r'),
	('TN', 'Tunisia', 'AF', 'https://en.wikipedia.org/wiki/Tunisia', '?????? ????\r'),
	('TO', 'Tonga', 'OC', 'https://en.wikipedia.org/wiki/Tonga', '\r'),
	('TR', 'Turkey', 'AS', 'https://en.wikipedia.org/wiki/Turkey', 'Türkiye havaalanlar?\r'),
	('TT', 'Trinidad and Tobago', 'NA', 'https://en.wikipedia.org/wiki/Trinidad_a', '\r'),
	('TV', 'Tuvalu', 'OC', 'https://en.wikipedia.org/wiki/Tuvalu', '\r'),
	('TW', 'Taiwan', 'AS', 'https://en.wikipedia.org/wiki/Taiwan', '\r'),
	('TZ', 'Tanzania', 'AF', 'https://en.wikipedia.org/wiki/Tanzania', '\r'),
	('UA', 'Ukraine', 'EU', 'https://en.wikipedia.org/wiki/Ukraine', '????????? ???????\r'),
	('UG', 'Uganda', 'AF', 'https://en.wikipedia.org/wiki/Uganda', '\r'),
	('UM', 'United States Minor Outlying Islands', 'OC', 'https://en.wikipedia.org/wiki/United_Sta', '\r'),
	('US', 'United States', 'NA', 'https://en.wikipedia.org/wiki/United_Sta', 'America\r'),
	('UY', 'Uruguay', 'SA', 'https://en.wikipedia.org/wiki/Uruguay', 'Aeropuertos de Uruguay\r'),
	('UZ', 'Uzbekistan', 'AS', 'https://en.wikipedia.org/wiki/Uzbekistan', 'Uzbek\r'),
	('VA', 'Vatican City', 'EU', 'https://en.wikipedia.org/wiki/Vatican_Ci', 'The Holy See\r'),
	('VC', 'Saint Vincent and the Grenadines', 'NA', 'https://en.wikipedia.org/wiki/Saint_Vinc', '\r'),
	('VE', 'Venezuela', 'SA', 'https://en.wikipedia.org/wiki/Venezuela', 'Aeropuertos de Venezuela\r'),
	('VG', 'British Virgin Islands', 'NA', 'https://en.wikipedia.org/wiki/British_Vi', '\r'),
	('VI', 'U.S. Virgin Islands', 'NA', 'https://en.wikipedia.org/wiki/U.S._Virgi', '\r'),
	('VN', 'Vietnam', 'AS', 'https://en.wikipedia.org/wiki/Vietnam', 'Các sân bay c?a Vi?t Nam\r'),
	('VU', 'Vanuatu', 'OC', 'https://en.wikipedia.org/wiki/Vanuatu', '\r'),
	('WF', 'Wallis and Futuna', 'OC', 'https://en.wikipedia.org/wiki/Wallis_and', '\r'),
	('WS', 'Samoa', 'OC', 'https://en.wikipedia.org/wiki/Samoa', '\r'),
	('XK', 'Kosovo', 'EU', 'https://en.wikipedia.org/wiki/Kosovo', 'Kosova\r'),
	('YE', 'Yemen', 'AS', 'https://en.wikipedia.org/wiki/Yemen', '?????? ?????\r'),
	('YT', 'Mayotte', 'AF', 'https://en.wikipedia.org/wiki/Mayotte', '\r'),
	('ZA', 'South Africa', 'AF', 'https://en.wikipedia.org/wiki/South_Afri', '\r'),
	('ZM', 'Zambia', 'AF', 'https://en.wikipedia.org/wiki/Zambia', '\r'),
	('ZW', 'Zimbabwe', 'AF', 'https://en.wikipedia.org/wiki/Zimbabwe', '\r'),
	('ZZ', 'Unknown or unassigned country', 'AF', 'https://en.wikipedia.org/wiki/Unknown_or', '\r');

-- Dumping structure for table project_mars.game
CREATE TABLE IF NOT EXISTS `game` (
  `id` varchar(40) NOT NULL,
  `co2_consumed` int(8) DEFAULT NULL,
  `wallet` int(8) DEFAULT NULL,
  `location` varchar(10) DEFAULT NULL,
  `player` varchar(40) DEFAULT NULL,
  `time` int(8) DEFAULT NULL,
  PRIMARY KEY (`id`),
  KEY `location` (`location`),
  CONSTRAINT `game_ibfk_1` FOREIGN KEY (`location`) REFERENCES `airport` (`ident`)
) ENGINE=InnoDB DEFAULT CHARSET=latin1 COLLATE=latin1_swedish_ci;

-- Dumping data for table project_mars.game: ~3 rows (approximately)
INSERT INTO `game` (`id`, `co2_consumed`, `wallet`, `location`, `player`, `time`) VALUES
	('1', 0, 99999, 'SAEZ', 'Yrjö', 31),
	('2', 0, 99999, 'SAEZ', 'Hasan', 31),
	('3', 0, 99999, 'SAEZ', 'Kim', 31);

-- Dumping structure for table project_mars.leaderboard
CREATE TABLE IF NOT EXISTS `leaderboard` (
  `id` int(11) NOT NULL AUTO_INCREMENT,
  `player_name` varchar(255) DEFAULT NULL,
  `time_spent` time DEFAULT NULL,
  `level` int(11) DEFAULT NULL,
  `coins` int(11) DEFAULT NULL,
  `hp` int(11) DEFAULT NULL,
  `created_at` timestamp NULL DEFAULT current_timestamp(),
  PRIMARY KEY (`id`)
) ENGINE=InnoDB AUTO_INCREMENT=6 DEFAULT CHARSET=utf8mb4 COLLATE=utf8mb4_uca1400_ai_ci;

-- Dumping data for table project_mars.leaderboard: ~5 rows (approximately)
INSERT INTO `leaderboard` (`id`, `player_name`, `time_spent`, `level`, `coins`, `hp`, `created_at`) VALUES
	(1, 'Yrjö', '00:00:19', 0, 1, 0, '2025-05-08 07:23:43'),
	(2, 'Yrjö', '00:00:27', 9, 4, 3, '2025-05-08 10:03:30'),
	(3, 'Yrjö', '00:01:06', 9, 4, 3, '2025-05-08 10:45:37'),
	(4, 'Yrjö', '00:03:48', 9, 59, 9, '2025-05-08 10:50:06'),
	(5, 'Yrjö', '00:01:11', 9, 4, 1, '2025-05-08 11:02:45');

-- Dumping structure for table project_mars.tasks
CREATE TABLE IF NOT EXISTS `tasks` (
  `id` varchar(255) NOT NULL,
  `question` text NOT NULL,
  `correct_answer` char(1) NOT NULL,
  `option_a` text NOT NULL,
  `option_b` text NOT NULL,
  `option_c` text DEFAULT NULL,
  `option_d` text DEFAULT NULL,
  PRIMARY KEY (`id`)
) ENGINE=InnoDB DEFAULT CHARSET=utf8mb4 COLLATE=utf8mb4_uca1400_ai_ci;

-- Dumping data for table project_mars.tasks: ~40 rows (approximately)
INSERT INTO `tasks` (`id`, `question`, `correct_answer`, `option_a`, `option_b`, `option_c`, `option_d`) VALUES
	('0_0', 'Task 1: What is the capital of Argentina?', 'a', 'Buenos Aires', 'Helsinki', 'Madrid', 'Lieksà'),
	('0_1', 'Task 2: What is the national language of Argentina?', 'd', 'Finnish', 'Peso', 'Italian', 'Spanish'),
	('0_2', 'Task 3: Did Hitler escape to Argentina?', 'c', 'Yes', 'No', 'Maybe', NULL),
	('0_3', 'Task 4: What is the currency of Argentina?', 'b', 'Euro', 'Peso', 'Dollar', 'Brazilian dollar'),
	('1_0', 'Task 1: What ominous rock lies in the center of Australia?', 'c', 'Jack', 'There is no rock', 'Uluru', 'Omuamua'),
	('1_1', 'Task 2: What is the most populous city in Australia?', 'a', 'Sydney', 'Melbourne', 'Perth', 'Adelaide'),
	('1_2', 'Task 3: How big is Australia?', 'b', '9.2 million km2', '7.7 million km2', '2.9 million km2', '8.1 million km2'),
	('2_0', 'Task 1: The Mongolian capital is known for being the ____ capital on Earth.', 'a', 'Coldest', 'Densest', 'Largest', 'Empty'),
	('2_1', 'Task 2: Mongolia has the lowest population density in the world, how many people are there per square kilometer?', 'b', '4/km2', '2/km2', '12/km2', '6/km2'),
	('2_2', 'Task 3: Mongolia is vast and empty, what desert covers nearly a third of the country?', 'c', 'Sahara', 'Arctic', 'Gobi', NULL),
	('2_4', 'Task 5: Mongolians enjoy a beverage called Airag, what is it though?', 'a', 'Fermented horse milk', 'Fermented berries and water', 'Goat\'s milk', NULL),
	('3_0', 'Task 1: What happened at Tiananmen square in 1989?', 'a', 'Nothing', 'A massacre', NULL, NULL),
	('3_1', 'Task 2: How long is the Great Wall of China?', 'a', '~21 000km', '~28 000km', '~5 000km', NULL),
	('3_2', 'Task 3: Do you agree to donate your left kidney?', 'a', 'Of course I will!', 'Rather not...', NULL, NULL),
	('3_3', 'Task 4: Is Taiwan a part of China?', 'a', 'Yes!', 'No? What?', NULL, NULL),
	('4_0', 'Task 1: Geh mir aus dem Weg! Willst du kämpfen?', 'a', 'Flee', 'Flight', NULL, NULL),
	('4_1', 'Task 2: Was ist das Nationalgericht Deutschlands?', 'b', 'Wiener Schnitzel', 'Sauerbraten', 'Currywurst', NULL),
	('4_4', 'Task 5: Sollen wir Polen angreifen?', 'a', 'Ja', 'Neine', NULL, NULL),
	('5_0', 'Task 1: Is dziewięćsetdziewięćdziesięciodziewięcionarodowościowego a real word in the beautiful Polish language?', 'a', 'Yes', 'No', NULL, NULL),
	('5_1', 'Task 2: Was the original Fortnite battle royale map based off of Poland?', 'a', 'Yes', 'No', NULL, NULL),
	('5_2', 'Task 3: What would be a traditional Polish breakfast?', 'd', 'A cigarette', 'A cigarette and a shot of alcohol', 'A cigarette and a bottle of alcohol', 'A pack of cigarettes and a bottle of alcohol'),
	('5_4', 'Task 5: What is the sacred gift Poland invented for this world?', 'b', 'Toothpaste', 'Vodka', 'Paper clips', 'Mini-computers'),
	('6_0', 'Task 1: Luxembourg is known for being a rather wealthy place, how much is their GDP per capita?', 'a', '140 000€', '60 000€', '250 000€', '100 000€'),
	('6_1', 'Task 2: The country is also known for being small, how small are they exactly?', 'c', '30 000km2', '6 000km', '2 600km', '130 000km2'),
	('6_2', 'Task 3: Luxembourg has a very generic flag with red, white and blue. In what order does it go? (from up to down)', 'a', 'Red White Blue', 'Blue White Red', 'White Red Blue', 'Blue Red White'),
	('6_3', 'Task 4: For its size, Luxembourg has an extensive public transit system, what does it cost though?', 'c', 'It\'s cheap', 'It\'s expensive', 'It\'s free', NULL),
	('7_0', 'Task 1: Norway\'s a very mountainous country, what\'s their highest peak called?', 'b', 'Oksskolten', 'Galdhøpiggen', 'Store Trolla', 'Saana'),
	('7_1', 'Task 2: Norwegian is a beautiful north Germanic language, having roots to old Norse. Is it true that it has two different written forms?', 'a', 'Yes', 'No', NULL, NULL),
	('7_2', 'Task 3: Norway\'s coastline is often misunderstood, how long is it exactly?', 'b', '23 718km', '83 281km', '1 288km', '98 766km'),
	('7_3', 'Task 4: Norwegian students celebrate \'Russfeiring\', does it really go on for a whole month?', 'a', 'Yes', 'No', NULL, NULL),
	('7_4', 'Task 5: Is the colonel-in-chief of the Norwegian King\'s Guard... a penguin?', 'a', 'Yes', 'No', NULL, NULL),
	('8_0', 'Task 1: Is BTS your favourite band?', 'a', 'Yes', 'No', NULL, NULL),
	('8_1', 'Task 2: Which one of these is a world famous Korean food?', 'c', 'Tempura', 'Tunkatsu', 'Kimchi', 'Lörtsy'),
	('8_2', 'Task 3: Seoul is the largest city in the country, how many people live inside the metropolitan area?', 'c', '15 000 000', '20 000 000', '25 000 000', '30 000 000'),
	('8_3', 'Task 4: Are you a North Korean defector?', 'a', 'Yes', 'No', 'What?', 'Maybe'),
	('8_4', 'Task 5: 리그 오브 레전드를 하시나요?', 'a', 'Yes', 'No', NULL, NULL),
	('9_0', 'Task 1: Everyone stand up for the pledge of allegiance! What\'s the 6th word of the verse?', 'a', 'Flag', 'I', 'America', 'God'),
	('9_1', 'Task 2: They sure love their guns, maybe even more than they love their siblings, are there more civilian firearms owned than people themselves?', 'a', 'Yes', 'No', NULL, NULL),
	('9_2', 'Task 3: When did the greatest country on Earth gain independence?', 'c', '1677', '1750', '1776', '1803'),
	('9_3', 'Task 4: Do you believe in our lord and savior Donald Trump?', 'a', 'Yes', 'Yes', NULL, NULL);

/*!40103 SET TIME_ZONE=IFNULL(@OLD_TIME_ZONE, 'system') */;
/*!40101 SET SQL_MODE=IFNULL(@OLD_SQL_MODE, '') */;
/*!40014 SET FOREIGN_KEY_CHECKS=IFNULL(@OLD_FOREIGN_KEY_CHECKS, 1) */;
/*!40101 SET CHARACTER_SET_CLIENT=@OLD_CHARACTER_SET_CLIENT */;
/*!40111 SET SQL_NOTES=IFNULL(@OLD_SQL_NOTES, 1) */;
